<Anims>
 <anim name="anim" root="ice_katana_ground" numframes="1000" framerate="40">
  <frame idx="0" w="407" h="621" x="30.355606" y="-185.511292">
   <element name="swap_object_ground" layername="swap_object_ground" frame="0" z_index="1" m_a="1.000000" m_b="0.000000" m_c="0.000000" m_d="0.945827" m_tx="35.944401" m_ty="-79.666702"/>
  </frame>
  <frame idx="25" w="407" h="621" x="30.355606" y="-185.511292">
   <element name="swap_object_ground" layername="swap_object_ground" frame="0" z_index="1" m_a="1.000000" m_b="0.000000" m_c="0.000000" m_d="0.945827" m_tx="35.944401" m_ty="-79.666702"/>
  </frame>
  <frame idx="50" w="407" h="621" x="30.355606" y="-185.511292">
   <element name="swap_object_ground" layername="swap_object_ground" frame="0" z_index="1" m_a="1.000000" m_b="0.000000" m_c="0.000000" m_d="0.945827" m_tx="35.944401" m_ty="-79.666702"/>
  </frame>
  <frame idx="75" w="407" h="621" x="30.355606" y="-185.511292">
   <element name="swap_object_ground" layername="swap_object_ground" frame="0" z_index="1" m_a="1.000000" m_b="0.000000" m_c="0.000000" m_d="0.945827" m_tx="35.944401" m_ty="-79.666702"/>
  </frame>
  <frame idx="100" w="407" h="621" x="30.355606" y="-185.511292">
   <element name="swap_object_ground" layername="swap_object_ground" frame="0" z_index="1" m_a="1.000000" m_b="0.000000" m_c="0.000000" m_d="0.945827" m_tx="35.944401" m_ty="-79.666702"/>
  </frame>
  <frame idx="125" w="407" h="621" x="30.355606" y="-185.511292">
   <element name="swap_object_ground" layername="swap_object_ground" frame="0" z_index="1" m_a="1.000000" m_b="0.000000" m_c="0.000000" m_d="0.945827" m_tx="35.944401" m_ty="-79.666702"/>
  </frame>
  <frame idx="150" w="407" h="621" x="30.355606" y="-185.511292">
   <element name="swap_object_ground" layername="swap_object_ground" frame="0" z_index="1" m_a="1.000000" m_b="0.000000" m_c="0.000000" m_d="0.945827" m_tx="35.944401" m_ty="-79.666702"/>
  </frame>
  <frame idx="175" w="407" h="621" x="30.355606" y="-185.511292">
   <element name="swap_object_ground" layername="swap_object_ground" frame="0" z_index="1" m_a="1.000000" m_b="0.000000" m_c="0.000000" m_d="0.945827" m_tx="35.944401" m_ty="-79.666702"/>
  </frame>
  <frame idx="200" w="407" h="621" x="30.355606" y="-185.511292">
   <element name="swap_object_ground" layername="swap_object_ground" frame="0" z_index="1" m_a="1.000000" m_b="0.000000" m_c="0.000000" m_d="0.945827" m_tx="35.944401" m_ty="-79.666702"/>
  </frame>
  <frame idx="225" w="407" h="621" x="30.355606" y="-185.511292">
   <element name="swap_object_ground" layername="swap_object_ground" frame="0" z_index="1" m_a="1.000000" m_b="0.000000" m_c="0.000000" m_d="0.945827" m_tx="35.944401" m_ty="-79.666702"/>
  </frame>
  <frame idx="250" w="407" h="621" x="30.355606" y="-185.511292">
   <element name="swap_object_ground" layername="swap_object_ground" frame="0" z_index="1" m_a="1.000000" m_b="0.000000" m_c="0.000000" m_d="0.945827" m_tx="35.944401" m_ty="-79.666702"/>
  </frame>
  <frame idx="275" w="407" h="621" x="30.355606" y="-185.511292">
   <element name="swap_object_ground" layername="swap_object_ground" frame="0" z_index="1" m_a="1.000000" m_b="0.000000" m_c="0.000000" m_d="0.945827" m_tx="35.944401" m_ty="-79.666702"/>
  </frame>
  <frame idx="300" w="407" h="621" x="30.355606" y="-185.511292">
   <element name="swap_object_ground" layername="swap_object_ground" frame="0" z_index="1" m_a="1.000000" m_b="0.000000" m_c="0.000000" m_d="0.945827" m_tx="35.944401" m_ty="-79.666702"/>
  </frame>
  <frame idx="325" w="407" h="621" x="30.355606" y="-185.511292">
   <element name="swap_object_ground" layername="swap_object_ground" frame="0" z_index="1" m_a="1.000000" m_b="0.000000" m_c="0.000000" m_d="0.945827" m_tx="35.944401" m_ty="-79.666702"/>
  </frame>
  <frame idx="350" w="407" h="621" x="30.355606" y="-185.511292">
   <element name="swap_object_ground" layername="swap_object_ground" frame="0" z_index="1" m_a="1.000000" m_b="0.000000" m_c="0.000000" m_d="0.945827" m_tx="35.944401" m_ty="-79.666702"/>
  </frame>
  <frame idx="375" w="407" h="621" x="30.355606" y="-185.511292">
   <element name="swap_object_ground" layername="swap_object_ground" frame="0" z_index="1" m_a="1.000000" m_b="0.000000" m_c="0.000000" m_d="0.945827" m_tx="35.944401" m_ty="-79.666702"/>
  </frame>
  <frame idx="400" w="407" h="621" x="30.355606" y="-185.511292">
   <element name="swap_object_ground" layername="swap_object_ground" frame="0" z_index="1" m_a="1.000000" m_b="0.000000" m_c="0.000000" m_d="0.945827" m_tx="35.944401" m_ty="-79.666702"/>
  </frame>
  <frame idx="425" w="407" h="621" x="30.355606" y="-185.511292">
   <element name="swap_object_ground" layername="swap_object_ground" frame="0" z_index="1" m_a="1.000000" m_b="0.000000" m_c="0.000000" m_d="0.945827" m_tx="35.944401" m_ty="-79.666702"/>
  </frame>
  <frame idx="450" w="407" h="621" x="30.355606" y="-185.511292">
   <element name="swap_object_ground" layername="swap_object_ground" frame="0" z_index="1" m_a="1.000000" m_b="0.000000" m_c="0.000000" m_d="0.945827" m_tx="35.944401" m_ty="-79.666702"/>
  </frame>
  <frame idx="475" w="407" h="621" x="30.355606" y="-185.511292">
   <element name="swap_object_ground" layername="swap_object_ground" frame="0" z_index="1" m_a="1.000000" m_b="0.000000" m_c="0.000000" m_d="0.945827" m_tx="35.944401" m_ty="-79.666702"/>
  </frame>
  <frame idx="500" w="407" h="621" x="30.355606" y="-185.511292">
   <element name="swap_object_ground" layername="swap_object_ground" frame="0" z_index="1" m_a="1.000000" m_b="0.000000" m_c="0.000000" m_d="0.945827" m_tx="35.944401" m_ty="-79.666702"/>
  </frame>
  <frame idx="525" w="407" h="621" x="30.355606" y="-185.511292">
   <element name="swap_object_ground" layername="swap_object_ground" frame="0" z_index="1" m_a="1.000000" m_b="0.000000" m_c="0.000000" m_d="0.945827" m_tx="35.944401" m_ty="-79.666702"/>
  </frame>
  <frame idx="550" w="407" h="621" x="30.355606" y="-185.511292">
   <element name="swap_object_ground" layername="swap_object_ground" frame="0" z_index="1" m_a="1.000000" m_b="0.000000" m_c="0.000000" m_d="0.945827" m_tx="35.944401" m_ty="-79.666702"/>
  </frame>
  <frame idx="575" w="407" h="621" x="30.355606" y="-185.511292">
   <element name="swap_object_ground" layername="swap_object_ground" frame="0" z_index="1" m_a="1.000000" m_b="0.000000" m_c="0.000000" m_d="0.945827" m_tx="35.944401" m_ty="-79.666702"/>
  </frame>
  <frame idx="600" w="407" h="621" x="30.355606" y="-185.511292">
   <element name="swap_object_ground" layername="swap_object_ground" frame="0" z_index="1" m_a="1.000000" m_b="0.000000" m_c="0.000000" m_d="0.945827" m_tx="35.944401" m_ty="-79.666702"/>
  </frame>
  <frame idx="625" w="407" h="621" x="30.355606" y="-185.511292">
   <element name="swap_object_ground" layername="swap_object_ground" frame="0" z_index="1" m_a="1.000000" m_b="0.000000" m_c="0.000000" m_d="0.945827" m_tx="35.944401" m_ty="-79.666702"/>
  </frame>
  <frame idx="650" w="407" h="621" x="30.355606" y="-185.511292">
   <element name="swap_object_ground" layername="swap_object_ground" frame="0" z_index="1" m_a="1.000000" m_b="0.000000" m_c="0.000000" m_d="0.945827" m_tx="35.944401" m_ty="-79.666702"/>
  </frame>
  <frame idx="675" w="407" h="621" x="30.355606" y="-185.511292">
   <element name="swap_object_ground" layername="swap_object_ground" frame="0" z_index="1" m_a="1.000000" m_b="0.000000" m_c="0.000000" m_d="0.945827" m_tx="35.944401" m_ty="-79.666702"/>
  </frame>
  <frame idx="700" w="407" h="621" x="30.355606" y="-185.511292">
   <element name="swap_object_ground" layername="swap_object_ground" frame="0" z_index="1" m_a="1.000000" m_b="0.000000" m_c="0.000000" m_d="0.945827" m_tx="35.944401" m_ty="-79.666702"/>
  </frame>
  <frame idx="725" w="407" h="621" x="30.355606" y="-185.511292">
   <element name="swap_object_ground" layername="swap_object_ground" frame="0" z_index="1" m_a="1.000000" m_b="0.000000" m_c="0.000000" m_d="0.945827" m_tx="35.944401" m_ty="-79.666702"/>
  </frame>
  <frame idx="750" w="407" h="621" x="30.355606" y="-185.511292">
   <element name="swap_object_ground" layername="swap_object_ground" frame="0" z_index="1" m_a="1.000000" m_b="0.000000" m_c="0.000000" m_d="0.945827" m_tx="35.944401" m_ty="-79.666702"/>
  </frame>
  <frame idx="775" w="407" h="621" x="30.355606" y="-185.511292">
   <element name="swap_object_ground" layername="swap_object_ground" frame="0" z_index="1" m_a="1.000000" m_b="0.000000" m_c="0.000000" m_d="0.945827" m_tx="35.944401" m_ty="-79.666702"/>
  </frame>
  <frame idx="800" w="407" h="621" x="30.355606" y="-185.511292">
   <element name="swap_object_ground" layername="swap_object_ground" frame="0" z_index="1" m_a="1.000000" m_b="0.000000" m_c="0.000000" m_d="0.945827" m_tx="35.944401" m_ty="-79.666702"/>
  </frame>
  <frame idx="825" w="407" h="621" x="30.355606" y="-185.511292">
   <element name="swap_object_ground" layername="swap_object_ground" frame="0" z_index="1" m_a="1.000000" m_b="0.000000" m_c="0.000000" m_d="0.945827" m_tx="35.944401" m_ty="-79.666702"/>
  </frame>
  <frame idx="850" w="407" h="621" x="30.355606" y="-185.511292">
   <element name="swap_object_ground" layername="swap_object_ground" frame="0" z_index="1" m_a="1.000000" m_b="0.000000" m_c="0.000000" m_d="0.945827" m_tx="35.944401" m_ty="-79.666702"/>
  </frame>
  <frame idx="875" w="407" h="621" x="30.355606" y="-185.511292">
   <element name="swap_object_ground" layername="swap_object_ground" frame="0" z_index="1" m_a="1.000000" m_b="0.000000" m_c="0.000000" m_d="0.945827" m_tx="35.944401" m_ty="-79.666702"/>
  </frame>
  <frame idx="900" w="407" h="621" x="30.355606" y="-185.511292">
   <element name="swap_object_ground" layername="swap_object_ground" frame="0" z_index="1" m_a="1.000000" m_b="0.000000" m_c="0.000000" m_d="0.945827" m_tx="35.944401" m_ty="-79.666702"/>
  </frame>
  <frame idx="925" w="407" h="621" x="30.355606" y="-185.511292">
   <element name="swap_object_ground" layername="swap_object_ground" frame="0" z_index="1" m_a="1.000000" m_b="0.000000" m_c="0.000000" m_d="0.945827" m_tx="35.944401" m_ty="-79.666702"/>
  </frame>
  <frame idx="950" w="407" h="621" x="30.355606" y="-185.511292">
   <element name="swap_object_ground" layername="swap_object_ground" frame="0" z_index="1" m_a="1.000000" m_b="0.000000" m_c="0.000000" m_d="0.945827" m_tx="35.944401" m_ty="-79.666702"/>
  </frame>
  <frame idx="975" w="407" h="621" x="30.355606" y="-185.511292">
   <element name="swap_object_ground" layername="swap_object_ground" frame="0" z_index="1" m_a="1.000000" m_b="0.000000" m_c="0.000000" m_d="0.945827" m_tx="35.944401" m_ty="-79.666702"/>
  </frame>
 </anim>
</Anims>
