<Anims>
 <anim name="BUILD" root="ice_katana" numframes="50" framerate="40">
  <frame idx="0" w="1242" h="763" x="30.500000" y="-220.493347">
   <element name="wilson" layername="wilson" frame="2" z_index="1" m_a="1.000000" m_b="0.000000" m_c="0.000000" m_d="1.000000" m_tx="371.973999" m_ty="-368.584015"/>
   <element name="swap_object" layername="swap_object" frame="0" z_index="2" m_a="-0.940837" m_b="0.120407" m_c="0.120407" m_d="0.940837" m_tx="364.700012" m_ty="-138.100006"/>
   <element name="wilson" layername="wilson" frame="1" z_index="3" m_a="1.000000" m_b="0.000000" m_c="0.000000" m_d="1.000000" m_tx="-146.753006" m_ty="-372.428986"/>
   <element name="swap_object" layername="swap_object" frame="0" z_index="4" m_a="0.936119" m_b="0.153312" m_c="-0.153312" m_d="0.936119" m_tx="123.050003" m_ty="-141.850006"/>
   <element name="wilson" layername="wilson_2" frame="0" z_index="5" m_a="1.000000" m_b="0.000000" m_c="0.000000" m_d="1.000000" m_tx="-548.973999" m_ty="-364.091003"/>
   <element name="swap_object" layername="swap_object_2" frame="0" z_index="6" m_a="0.942887" m_b="0.105361" m_c="-0.105361" m_d="0.942887" m_tx="-295.549988" m_ty="-146.449997"/>
  </frame>
  <frame idx="25" w="1242" h="699" x="30.500000" y="-200.993347">
   <element name="wilson" layername="wilson" frame="2" z_index="1" m_a="1.000000" m_b="0.000000" m_c="0.000000" m_d="1.000000" m_tx="371.973999" m_ty="-368.584015"/>
   <element name="swap_object" layername="swap_object" frame="0" z_index="2" m_a="-0.940837" m_b="0.120407" m_c="0.120407" m_d="0.940837" m_tx="394.700012" m_ty="-98.099998"/>
   <element name="wilson" layername="wilson" frame="1" z_index="3" m_a="1.000000" m_b="0.000000" m_c="0.000000" m_d="1.000000" m_tx="-146.753006" m_ty="-372.428986"/>
   <element name="swap_object" layername="swap_object" frame="0" z_index="4" m_a="0.936119" m_b="0.153312" m_c="-0.153312" m_d="0.936119" m_tx="94.050003" m_ty="-104.849998"/>
   <element name="wilson" layername="wilson_2" frame="0" z_index="5" m_a="1.000000" m_b="0.000000" m_c="0.000000" m_d="1.000000" m_tx="-548.973999" m_ty="-364.091003"/>
   <element name="swap_object" layername="swap_object_2" frame="0" z_index="6" m_a="0.942887" m_b="0.105361" m_c="-0.105361" m_d="0.942887" m_tx="-322.549988" m_ty="-107.449997"/>
  </frame>
 </anim>
</Anims>
